ranks,avg_time(mpi_pixels_bc)
1,1.54494976
2,0.8696
3,0.911463
4,0.97085
