filename,n_subimgs,width,height,import_time,filters_time,export_time,
images/others/hand.gif,7.000000,4196.000000,2362.000000,0.857627,10.294351,6.129899,
images/others/stone.gif,7.000000,3436.000000,4724.000000,1.389263,15.597356,10.599991,
images/others/decor.gif,2.000000,7087.000000,7087.000000,0.890187,17.023842,0.890473,
images/others/hand.gif,7.000000,4196.000000,2362.000000,0.804885,10.195664,6.008146,
images/others/nyan.gif,2.000000,9677.000000,4608.000000,0.753706,14.913220,3.399882,
images/others/SchindlerHouse.gif,1.000000,9640.000000,7584.000000,0.614581,12.512858,0.748511,
images/others/social.gif,5.000000,4000.000000,4500.000000,0.423716,7.278869,0.833430,
images/others/stone.gif,7.000000,3436.000000,4724.000000,1.342995,15.474810,9.483220,