import_time,filters_time,export_time,
0.014531,0.298385,0.297680,
0.022218,2.219608,0.554832,
0.000715,0.177215,0.002068,
0.016193,0.624153,0.180849,
0.005134,0.246877,0.123713,
0.343590,2.443865,14.487619,
0.338377,2.441585,14.421753,
0.001092,0.728597,0.002546,
0.001988,0.175151,0.007675,
0.094031,1.657697,2.275680,
0.182634,5.347996,5.448966,
0.001008,0.187625,0.003503,
0.006193,0.232479,0.139769,
0.052287,1.545238,0.876165,
0.022111,1.266993,0.593589,